n_gt,n_alerts,alert_TP,alert_P,node_cov,F1_alert,best_F1_alert,best_b,first_hit,top1_hit,n_alerted_nodes,covered_gt,node_prec,flat_topk_cov,flat_topk_prec,node_best_f1,F1_alert@1,F1_alert@2,F1_alert@3,F1_alert@5,F1_alert@10,F1_alert@20,group,variant,config,encoding,file,rec_tag,top_k,max_alerts,v4_scale,n_nodes_Gp,n_edges_Gp,v4_dropped,runtime_s
34,20,1,0.05,0.0588,0.0541,0.1111,1,1,1,1256,2,0.0016,0.0,0.0,0.0149,0.1111,0.1053,0.1,0.0909,0.0741,0.0541,A4,v4_drop_log_deg,identity+rate,rate,bin.116,atfull,100,20,raw,287061,9333694,log_deg,13.4
34,20,4,0.2,0.2353,0.2162,0.3077,9,1,1,2126,8,0.0038,0.0,0.0,0.0086,0.2564,0.2273,0.2041,0.1695,0.2963,0.2162,A4,v4_drop_out_in_ratio,identity+rate,rate,bin.116,atfull,100,20,raw,287061,9333694,out_in_ratio,13.1
34,20,5,0.25,0.3235,0.2821,0.3179,16,1,1,3432,11,0.0032,0.1765,0.06,0.1412,0.2564,0.2273,0.2041,0.1695,0.2812,0.2821,A4,v4_drop_nbr_type_div,identity+rate,rate,bin.116,atfull,100,20,raw,287061,9333694,nbr_type_div,13.6
34,20,5,0.25,0.3235,0.2821,0.4453,7,1,1,3617,11,0.003,0.1765,0.06,0.24,0.2564,0.2273,0.3146,0.338,0.3929,0.2821,A4,v4_drop_self_loop,identity+rate,rate,bin.116,atfull,100,20,raw,287061,9333694,self_loop,13.5
41,20,3,0.15,0.1707,0.1597,0.2553,2,1,1,2044,7,0.0034,0.0,0.0,0.0432,0.2174,0.2553,0.24,0.2143,0.2176,0.1597,A4,v4_drop_log_deg,TeRed+naive,dual_naive,bin.116,atfull,100,20,raw,275843,7360340,log_deg,10.6
41,20,5,0.25,0.3902,0.3048,0.4528,2,1,1,2256,16,0.0071,0.0,0.0,0.0218,0.36,0.4528,0.4068,0.338,0.3822,0.3048,A4,v4_drop_out_in_ratio,TeRed+naive,dual_naive,bin.116,atfull,100,20,raw,275843,7360340,out_in_ratio,11.1
41,20,6,0.3,0.4634,0.3642,0.5229,10,1,1,2398,19,0.0079,0.1707,0.07,0.1519,0.36,0.3051,0.2647,0.2093,0.5229,0.3642,A4,v4_drop_nbr_type_div,TeRed+naive,dual_naive,bin.116,atfull,100,20,raw,275843,7360340,nbr_type_div,11.2
41,20,4,0.2,0.4146,0.2698,0.5862,4,1,1,2302,17,0.0074,0.1951,0.08,0.2308,0.3265,0.4231,0.5091,0.5462,0.4072,0.2698,A4,v4_drop_self_loop,TeRed+naive,dual_naive,bin.116,atfull,100,20,raw,275843,7360340,self_loop,11.7
41,20,5,0.25,0.3171,0.2796,0.3952,4,1,1,2291,13,0.0057,0.0,0.0,0.0431,0.3265,0.3922,0.3571,0.3708,0.338,0.2796,A4,v4_drop_log_deg,TeRed+RATE,rate,bin.116,atfull,100,20,raw,275843,7360340,log_deg,10.8
41,20,6,0.3,0.3902,0.3392,0.3922,2,1,1,3077,16,0.0052,0.0,0.0,0.0225,0.36,0.3922,0.3571,0.303,0.2963,0.3392,A4,v4_drop_out_in_ratio,TeRed+RATE,rate,bin.116,atfull,100,20,raw,275843,7360340,out_in_ratio,11.1
41,20,5,0.25,0.4634,0.3248,0.481,10,1,1,2541,19,0.0075,0.1707,0.07,0.1519,0.3265,0.2807,0.2462,0.303,0.481,0.3248,A4,v4_drop_nbr_type_div,TeRed+RATE,rate,bin.116,atfull,100,20,raw,275843,7360340,nbr_type_div,11.0
41,20,5,0.25,0.439,0.3186,0.6102,5,1,1,2110,18,0.0085,0.1951,0.08,0.2308,0.3265,0.4528,0.5091,0.6102,0.4675,0.3186,A4,v4_drop_self_loop,TeRed+RATE,rate,bin.116,atfull,100,20,raw,275843,7360340,self_loop,11.3
30,20,3,0.15,0.2333,0.1826,0.25,6,4,0,2110,7,0.0033,0.0,0.0,0.0209,0.0,0.0,0.0,0.1333,0.2,0.1826,A4,v4_drop_log_deg,identity+rate,rate,bin.117,atfull,100,20,raw,267500,9393683,log_deg,12.9
30,20,4,0.2,0.2333,0.2154,0.3457,6,1,1,1761,7,0.004,0.0,0.0,0.0093,0.1818,0.2353,0.2222,0.3,0.2947,0.2154,A4,v4_drop_out_in_ratio,identity+rate,rate,bin.117,atfull,100,20,raw,267500,9393683,out_in_ratio,13.0
30,20,8,0.4,0.5,0.4444,0.5,16,1,1,3425,15,0.0044,0.2667,0.08,0.1579,0.1818,0.2353,0.2222,0.3,0.3636,0.4444,A4,v4_drop_nbr_type_div,identity+rate,rate,bin.117,atfull,100,20,raw,267500,9393683,nbr_type_div,13.8
30,20,7,0.35,0.5333,0.4226,0.6667,6,1,1,4000,16,0.004,0.2667,0.08,0.3077,0.125,0.2353,0.3333,0.5,0.5455,0.4226,A4,v4_drop_self_loop,identity+rate,rate,bin.117,atfull,100,20,raw,267500,9393683,self_loop,13.7
37,20,5,0.25,0.3514,0.2921,0.4364,6,1,1,2292,13,0.0057,0.0,0.0,0.0784,0.3182,0.3556,0.3265,0.3976,0.3582,0.2921,A4,v4_drop_log_deg,TeRed+naive,dual_naive,bin.117,atfull,100,20,raw,257566,7424813,log_deg,11.8
37,20,4,0.2,0.4324,0.2735,0.5246,6,1,1,1710,16,0.0094,0.0,0.0,0.0283,0.4898,0.52,0.4602,0.4641,0.4156,0.2735,A4,v4_drop_out_in_ratio,TeRed+naive,dual_naive,bin.117,atfull,100,20,raw,257566,7424813,out_in_ratio,11.7
37,20,7,0.35,0.6486,0.4547,0.6106,10,1,1,2377,24,0.0101,0.2703,0.1,0.1975,0.4583,0.3729,0.3143,0.4027,0.6106,0.4547,A4,v4_drop_nbr_type_div,TeRed+naive,dual_naive,bin.117,atfull,100,20,raw,257566,7424813,nbr_type_div,12.2
37,20,5,0.25,0.5946,0.352,0.7458,5,1,1,2501,22,0.0088,0.2703,0.1,0.2857,0.4255,0.4898,0.52,0.7458,0.5432,0.352,A4,v4_drop_self_loop,TeRed+naive,dual_naive,bin.117,atfull,100,20,raw,257566,7424813,self_loop,11.5
37,20,6,0.3,0.5676,0.3925,0.5625,6,1,1,2174,21,0.0097,0.0,0.0,0.0784,0.3913,0.4255,0.3846,0.4211,0.5067,0.3925,A4,v4_drop_log_deg,TeRed+RATE,rate,bin.117,atfull,100,20,raw,257566,7424813,log_deg,10.8
37,20,5,0.25,0.5405,0.3419,0.6557,6,1,1,2550,20,0.0078,0.0,0.0,0.03,0.4898,0.52,0.4602,0.6255,0.5195,0.3419,A4,v4_drop_out_in_ratio,TeRed+RATE,rate,bin.117,atfull,100,20,raw,257566,7424813,out_in_ratio,11.0
37,20,7,0.35,0.7297,0.4731,0.6494,8,1,1,3078,27,0.0088,0.2703,0.1,0.1975,0.52,0.4127,0.3421,0.4027,0.6473,0.4731,A4,v4_drop_nbr_type_div,TeRed+RATE,rate,bin.117,atfull,100,20,raw,257566,7424813,nbr_type_div,11.1
37,20,7,0.35,0.6486,0.4547,0.7241,4,1,1,2959,24,0.0081,0.2703,0.1,0.2857,0.4583,0.549,0.7018,0.664,0.6106,0.4547,A4,v4_drop_self_loop,TeRed+RATE,rate,bin.117,atfull,100,20,raw,257566,7424813,self_loop,11.3
27,20,6,0.3,0.5185,0.3801,0.4494,7,1,1,2233,14,0.0063,0.0,0.0,0.028,0.2,0.3636,0.3333,0.2857,0.3846,0.3801,A4,v4_drop_log_deg,identity+rate,rate,bin.118,atfull,100,20,raw,265865,9399067,log_deg,12.8
27,20,5,0.25,0.5185,0.3373,0.5668,8,1,1,1943,14,0.0072,0.0,0.0,0.0123,0.3636,0.3077,0.3733,0.3146,0.5091,0.3373,A4,v4_drop_out_in_ratio,identity+rate,rate,bin.118,atfull,100,20,raw,265865,9399067,out_in_ratio,13.0
27,20,9,0.45,0.7407,0.5599,0.6847,12,1,1,3630,20,0.0055,0.2593,0.07,0.1351,0.3636,0.3077,0.3733,0.3146,0.5963,0.5599,A4,v4_drop_nbr_type_div,identity+rate,rate,bin.118,atfull,100,20,raw,265865,9399067,nbr_type_div,13.5
27,20,8,0.4,0.6667,0.5,0.6667,6,1,1,3630,18,0.005,0.4074,0.11,0.2857,0.5405,0.4255,0.5333,0.6292,0.5963,0.5,A4,v4_drop_self_loop,identity+rate,rate,bin.118,atfull,100,20,raw,265865,9399067,self_loop,13.4
31,20,5,0.25,0.4194,0.3133,0.4103,2,1,1,2500,13,0.0052,0.0,0.0,0.093,0.3243,0.4103,0.3721,0.3137,0.2254,0.3133,A4,v4_drop_log_deg,TeRed+naive,dual_naive,bin.118,atfull,100,20,raw,256554,7453735,log_deg,10.5
31,20,4,0.2,0.4839,0.283,0.5581,2,1,1,1660,15,0.009,0.0,0.0,0.031,0.4878,0.5581,0.4898,0.4937,0.438,0.283,A4,v4_drop_out_in_ratio,TeRed+naive,dual_naive,bin.118,atfull,100,20,raw,256554,7453735,out_in_ratio,10.8
31,20,9,0.45,0.8065,0.5777,0.6875,9,1,1,2647,25,0.0094,0.3226,0.1,0.1754,0.4878,0.3922,0.3279,0.3934,0.6502,0.5777,A4,v4_drop_nbr_type_div,TeRed+naive,dual_naive,bin.118,atfull,100,20,raw,256554,7453735,nbr_type_div,11.5
31,20,7,0.35,0.6774,0.4615,0.76,5,1,1,2511,21,0.0084,0.3226,0.1,0.2703,0.4878,0.6522,0.6809,0.76,0.6218,0.4615,A4,v4_drop_self_loop,TeRed+naive,dual_naive,bin.118,atfull,100,20,raw,256554,7453735,self_loop,11.5
31,20,6,0.3,0.4839,0.3704,0.5238,3,1,1,2530,15,0.0059,0.0,0.0,0.093,0.45,0.4878,0.5238,0.4459,0.3934,0.3704,A4,v4_drop_log_deg,TeRed+RATE,rate,bin.118,atfull,100,20,raw,256554,7453735,log_deg,10.8
31,20,7,0.35,0.7419,0.4756,0.544,11,1,1,2967,23,0.0078,0.0,0.0,0.0272,0.4878,0.3922,0.3279,0.4094,0.4841,0.4756,A4,v4_drop_out_in_ratio,TeRed+RATE,rate,bin.118,atfull,100,20,raw,256554,7453735,out_in_ratio,10.8
31,20,8,0.4,0.8387,0.5417,0.6761,10,1,1,3064,26,0.0085,0.3226,0.1,0.1754,0.4878,0.3922,0.3279,0.2469,0.6761,0.5417,A4,v4_drop_nbr_type_div,TeRed+RATE,rate,bin.118,atfull,100,20,raw,256554,7453735,nbr_type_div,10.8
31,20,8,0.4,0.871,0.5482,0.8071,9,1,1,2676,27,0.0101,0.3226,0.1,0.2703,0.4878,0.6522,0.6809,0.76,0.7631,0.5482,A4,v4_drop_self_loop,TeRed+RATE,rate,bin.118,atfull,100,20,raw,256554,7453735,self_loop,10.8
10,13,1,0.0769,0.4,0.129,0.5714,1,1,1,892,4,0.0045,0.2,0.02,0.0645,0.5714,0.4444,0.3636,0.2667,0.16,,A4,v4_drop_log_deg,identity+rate,rate,bin.119@500000,at500000,100,20,raw,18635,476913,log_deg,1.0
10,15,1,0.0667,0.8,0.1231,0.8889,1,1,1,1186,8,0.0067,0.0,0.0,0.0427,0.8889,0.6154,0.4706,0.32,0.1778,,A4,v4_drop_out_in_ratio,identity+rate,rate,bin.119@500000,at500000,100,20,raw,18635,476913,out_in_ratio,0.8
10,10,1,0.1,0.8,0.1778,0.8889,1,1,1,1222,8,0.0065,0.2,0.02,0.2857,0.8889,0.6154,0.4706,0.32,0.1778,,A4,v4_drop_nbr_type_div,identity+rate,rate,bin.119@500000,at500000,100,20,raw,18635,476913,nbr_type_div,0.8
10,20,1,0.05,0.9,0.0947,0.9474,1,1,1,1257,9,0.0072,0.2,0.02,0.3077,0.9474,0.6429,0.4865,0.3273,0.18,0.0947,A4,v4_drop_self_loop,identity+rate,rate,bin.119@500000,at500000,100,20,raw,18635,476913,self_loop,0.8
15,20,2,0.1,0.8667,0.1793,0.9286,2,1,1,729,13,0.0178,0.0667,0.01,0.0625,0.8462,0.9286,0.7536,0.5474,0.325,0.1793,A4,v4_drop_log_deg,TeRed+naive,dual_naive,bin.119@500000,at500000,100,20,raw,16849,255601,log_deg,0.5
15,11,2,0.1818,0.9333,0.3043,0.8462,1,1,1,1081,14,0.013,0.5333,0.08,0.1429,0.8462,0.5946,0.7778,0.56,0.3294,,A4,v4_drop_out_in_ratio,TeRed+naive,dual_naive,bin.119@500000,at500000,100,20,raw,16849,255601,out_in_ratio,0.5
15,20,2,0.1,0.9333,0.1806,0.9655,2,1,1,1032,14,0.0136,0.0667,0.01,0.1176,0.8462,0.9655,0.7778,0.56,0.3294,0.1806,A4,v4_drop_nbr_type_div,TeRed+naive,dual_naive,bin.119@500000,at500000,100,20,raw,16849,255601,nbr_type_div,0.5
15,20,2,0.1,0.9333,0.1806,0.9655,2,1,1,953,14,0.0147,0.0667,0.01,0.1176,0.8462,0.9655,0.7778,0.56,0.3294,0.1806,A4,v4_drop_self_loop,TeRed+naive,dual_naive,bin.119@500000,at500000,100,20,raw,16849,255601,self_loop,0.5
15,20,2,0.1,0.8667,0.1793,0.9286,2,1,1,873,13,0.0149,0.1333,0.02,0.0625,0.8462,0.9286,0.7536,0.5474,0.325,0.1793,A4,v4_drop_log_deg,TeRed+RATE,rate,bin.119@500000,at500000,100,20,raw,16849,255601,log_deg,0.5
15,8,1,0.125,0.9333,0.2205,0.9655,1,1,1,828,14,0.0169,0.4667,0.07,0.1562,0.9655,0.6512,0.4912,0.3294,,,A4,v4_drop_out_in_ratio,TeRed+RATE,rate,bin.119@500000,at500000,100,20,raw,16849,255601,out_in_ratio,0.5
15,20,3,0.15,0.9333,0.2585,0.8889,2,1,1,874,14,0.016,0.0667,0.01,0.1176,0.8462,0.8889,0.7273,0.7304,0.4541,0.2585,A4,v4_drop_nbr_type_div,TeRed+RATE,rate,bin.119@500000,at500000,100,20,raw,16849,255601,nbr_type_div,0.5
15,20,3,0.15,0.9333,0.2585,0.8889,2,1,1,873,14,0.016,0.0667,0.01,0.1176,0.8462,0.8889,0.7273,0.5333,0.4541,0.2585,A4,v4_drop_self_loop,TeRed+RATE,rate,bin.119@500000,at500000,100,20,raw,16849,255601,self_loop,0.5
21,20,3,0.15,0.1429,0.1463,0.1765,13,1,1,2063,3,0.0015,0.0,0.0,0.0167,0.0909,0.087,0.0833,0.0769,0.129,0.1463,A4,v4_drop_log_deg,identity+rate,rate,bin.120,atfull,100,20,raw,295765,9324081,log_deg,13.6
21,20,4,0.2,0.381,0.2623,0.3556,12,1,1,2686,8,0.003,0.0,0.0,0.0084,0.32,0.2759,0.2424,0.1951,0.3158,0.2623,A4,v4_drop_out_in_ratio,identity+rate,rate,bin.120,atfull,100,20,raw,295765,9324081,out_in_ratio,14.3
21,20,4,0.2,0.4762,0.2817,0.3846,1,1,1,3610,10,0.0028,0.2857,0.06,0.1389,0.3846,0.3226,0.2778,0.2174,0.2353,0.2817,A4,v4_drop_nbr_type_div,identity+rate,rate,bin.120,atfull,100,20,raw,295765,9324081,nbr_type_div,14.4
21,20,4,0.2,0.4762,0.2817,0.4348,10,1,1,3417,10,0.0029,0.2857,0.06,0.2439,0.32,0.2759,0.3509,0.2985,0.4348,0.2817,A4,v4_drop_self_loop,identity+rate,rate,bin.120,atfull,100,20,raw,295765,9324081,self_loop,14.3
27,20,4,0.2,0.4074,0.2683,0.4571,2,1,1,2252,11,0.0049,0.0,0.0,0.0536,0.4118,0.4571,0.4103,0.3404,0.2388,0.2683,A4,v4_drop_log_deg,TeRed+naive,dual_naive,bin.120,atfull,100,20,raw,285710,7306969,log_deg,11.2
27,20,5,0.25,0.5185,0.3373,0.5668,8,1,1,2074,14,0.0068,0.0,0.0,0.0236,0.4118,0.3415,0.2917,0.3636,0.5091,0.3373,A4,v4_drop_out_in_ratio,TeRed+naive,dual_naive,bin.120,atfull,100,20,raw,285710,7306969,out_in_ratio,11.2
27,20,6,0.3,0.7037,0.4207,0.5575,13,1,1,2891,19,0.0066,0.2593,0.07,0.1714,0.4118,0.3415,0.2917,0.3846,0.4776,0.4207,A4,v4_drop_nbr_type_div,TeRed+naive,dual_naive,bin.120,atfull,100,20,raw,285710,7306969,nbr_type_div,11.3
27,20,5,0.25,0.7037,0.3689,0.5963,5,1,1,2743,19,0.0069,0.2963,0.08,0.2564,0.4571,0.3721,0.3137,0.5963,0.4892,0.3689,A4,v4_drop_self_loop,TeRed+naive,dual_naive,bin.120,atfull,100,20,raw,285710,7306969,self_loop,10.7
27,20,1,0.05,0.4815,0.0906,0.65,1,1,1,2449,13,0.0053,0.0,0.0,0.0536,0.65,0.4906,0.3939,0.2826,0.1656,0.0906,A4,v4_drop_log_deg,TeRed+RATE,rate,bin.120,atfull,100,20,raw,285710,7306969,log_deg,10.5
27,20,3,0.15,0.5185,0.2327,0.5563,5,1,1,2894,14,0.0048,0.0,0.0,0.024,0.4118,0.5,0.4444,0.5563,0.3801,0.2327,A4,v4_drop_out_in_ratio,TeRed+RATE,rate,bin.120,atfull,100,20,raw,285710,7306969,out_in_ratio,10.7
27,20,6,0.3,0.7407,0.427,0.65,2,1,1,3073,20,0.0065,0.2593,0.07,0.1714,0.4571,0.65,0.5591,0.437,0.5846,0.427,A4,v4_drop_nbr_type_div,TeRed+RATE,rate,bin.120,atfull,100,20,raw,285710,7306969,nbr_type_div,10.7
27,20,5,0.25,0.7407,0.3738,0.7488,5,1,1,2571,20,0.0078,0.2963,0.08,0.2564,0.5,0.4,0.5591,0.7488,0.597,0.3738,A4,v4_drop_self_loop,TeRed+RATE,rate,bin.120,atfull,100,20,raw,285710,7306969,self_loop,10.7
6,20,2,0.1,0.5,0.1667,0.5,1,1,1,602,3,0.005,0.0,0.0,0.0019,0.5,0.4,0.3333,0.4444,0.2857,0.1667,A4,v4_drop_log_deg,identity+rate,rate,bin.6@400000,at400000,100,20,raw,24507,370937,log_deg,0.6
6,10,2,0.2,0.6667,0.3077,0.6667,1,1,1,1089,4,0.0037,0.3333,0.02,0.0548,0.6667,0.5,0.4,0.2857,0.3077,,A4,v4_drop_out_in_ratio,identity+rate,rate,bin.6@400000,at400000,100,20,raw,24507,370937,out_in_ratio,0.6
6,20,3,0.15,0.6667,0.2449,0.7059,4,1,1,889,4,0.0045,0.0,0.0,0.004,0.5,0.6667,0.5714,0.6316,0.4138,0.2449,A4,v4_drop_nbr_type_div,identity+rate,rate,bin.6@400000,at400000,100,20,raw,24507,370937,nbr_type_div,0.6
6,20,3,0.15,0.6667,0.2449,0.7059,4,2,0,891,4,0.0045,0.0,0.0,0.004,0.0,0.25,0.5714,0.6316,0.4138,0.2449,A4,v4_drop_self_loop,identity+rate,rate,bin.6@400000,at400000,100,20,raw,24507,370937,self_loop,0.6
10,20,2,0.1,0.8,0.1778,0.8889,2,1,1,483,8,0.0166,0.0,0.0,0.0035,0.75,0.8889,0.7273,0.5333,0.32,0.1778,A4,v4_drop_log_deg,TeRed+naive,dual_naive,bin.6@400000,at400000,100,20,raw,22250,286251,log_deg,0.5
10,7,2,0.2857,0.7,0.4058,0.6829,3,1,1,681,7,0.0103,0.4,0.04,0.186,0.6667,0.5,0.6829,0.5091,,,A4,v4_drop_out_in_ratio,TeRed+naive,dual_naive,bin.6@400000,at400000,100,20,raw,22250,286251,out_in_ratio,0.5
10,20,2,0.1,0.8,0.1778,0.8889,2,1,1,682,8,0.0117,0.0,0.0,0.0051,0.75,0.8889,0.7273,0.5333,0.32,0.1778,A4,v4_drop_nbr_type_div,TeRed+naive,dual_naive,bin.6@400000,at400000,100,20,raw,22250,286251,nbr_type_div,0.5
10,20,2,0.1,0.8,0.1778,0.8889,2,1,1,832,8,0.0096,0.0,0.0,0.0051,0.3333,0.8889,0.7273,0.5333,0.32,0.1778,A4,v4_drop_self_loop,TeRed+naive,dual_naive,bin.6@400000,at400000,100,20,raw,22250,286251,self_loop,0.5
10,20,2,0.1,0.8,0.1778,0.8889,2,1,1,484,8,0.0165,0.0,0.0,0.0046,0.75,0.8889,0.7273,0.5333,0.32,0.1778,A4,v4_drop_log_deg,TeRed+RATE,rate,bin.6@400000,at400000,100,20,raw,22250,286251,log_deg,0.5
10,9,2,0.2222,0.8,0.3478,0.75,1,1,1,437,8,0.0183,0.7,0.07,0.2029,0.75,0.5455,0.7273,0.5333,,,A4,v4_drop_out_in_ratio,TeRed+RATE,rate,bin.6@400000,at400000,100,20,raw,22250,286251,out_in_ratio,0.5
10,20,2,0.1,0.8,0.1778,0.8889,2,1,1,685,8,0.0117,0.0,0.0,0.0056,0.75,0.8889,0.7273,0.5333,0.32,0.1778,A4,v4_drop_nbr_type_div,TeRed+RATE,rate,bin.6@400000,at400000,100,20,raw,22250,286251,nbr_type_div,0.5
10,20,2,0.1,0.8,0.1778,0.8889,2,1,1,838,8,0.0095,0.0,0.0,0.0057,0.3333,0.8889,0.7273,0.5333,0.32,0.1778,A4,v4_drop_self_loop,TeRed+RATE,rate,bin.6@400000,at400000,100,20,raw,22250,286251,self_loop,0.5
8,15,3,0.2,0.5,0.2857,0.5455,2,1,1,799,4,0.005,0.0,0.0,0.0024,0.2222,0.5455,0.48,0.3871,0.375,,A4,v4_drop_log_deg,identity+rate,rate,bin.7@400000,at400000,100,20,raw,17797,374995,log_deg,0.8
8,6,3,0.5,0.75,0.6,0.6452,3,1,1,998,6,0.006,0.25,0.02,0.0559,0.4,0.3333,0.6452,0.4878,,,A4,v4_drop_out_in_ratio,identity+rate,rate,bin.7@400000,at400000,100,20,raw,17797,374995,out_in_ratio,0.6
8,18,3,0.1667,0.75,0.2727,0.6667,5,1,1,1045,6,0.0057,0.0,0.0,0.0059,0.4,0.3333,0.6452,0.6667,0.4286,,A4,v4_drop_nbr_type_div,identity+rate,rate,bin.7@400000,at400000,100,20,raw,17797,374995,nbr_type_div,0.6
8,20,4,0.2,0.75,0.3158,0.5455,2,1,1,1280,6,0.0047,0.0,0.0,0.0059,0.4,0.5455,0.48,0.3871,0.4054,0.3158,A4,v4_drop_self_loop,identity+rate,rate,bin.7@400000,at400000,100,20,raw,17797,374995,self_loop,0.6
13,20,2,0.1,0.8462,0.1789,0.8182,1,1,1,465,11,0.0237,0.0769,0.01,0.0909,0.8182,0.5806,0.7458,0.5432,0.3235,0.1789,A4,v4_drop_log_deg,TeRed+naive,dual_naive,bin.7@400000,at400000,100,20,raw,16272,324747,log_deg,0.5
13,10,3,0.3,0.8462,0.443,0.8182,2,1,1,724,11,0.0152,0.5385,0.07,0.2353,0.4706,0.8182,0.6792,0.507,0.443,,A4,v4_drop_out_in_ratio,TeRed+naive,dual_naive,bin.7@400000,at400000,100,20,raw,16272,324747,out_in_ratio,0.5
13,20,2,0.1,0.8462,0.1789,0.9167,2,1,1,474,11,0.0232,0.0769,0.01,0.1333,0.8182,0.9167,0.7458,0.5432,0.3235,0.1789,A4,v4_drop_nbr_type_div,TeRed+naive,dual_naive,bin.7@400000,at400000,100,20,raw,16272,324747,nbr_type_div,0.5
13,20,3,0.15,0.8462,0.2548,0.9167,3,1,1,665,11,0.0165,0.0769,0.01,0.1333,0.7,0.8182,0.9167,0.7021,0.443,0.2548,A4,v4_drop_self_loop,TeRed+naive,dual_naive,bin.7@400000,at400000,100,20,raw,16272,324747,self_loop,0.5
13,20,2,0.1,0.8462,0.1789,0.8182,1,1,1,471,11,0.0234,0.0769,0.01,0.0909,0.8182,0.5806,0.7458,0.5432,0.3235,0.1789,A4,v4_drop_log_deg,TeRed+RATE,rate,bin.7@400000,at400000,100,20,raw,16272,324747,log_deg,0.5
13,9,3,0.3333,0.8462,0.4783,0.7952,4,1,1,629,11,0.0175,0.7692,0.1,0.2791,0.7,0.5185,0.6792,0.7021,,,A4,v4_drop_out_in_ratio,TeRed+RATE,rate,bin.7@400000,at400000,100,20,raw,16272,324747,out_in_ratio,0.5
13,20,3,0.15,0.8462,0.2548,0.9167,3,1,1,475,11,0.0232,0.0769,0.01,0.1333,0.6316,0.7619,0.9167,0.7021,0.443,0.2548,A4,v4_drop_nbr_type_div,TeRed+RATE,rate,bin.7@400000,at400000,100,20,raw,16272,324747,nbr_type_div,0.5
13,20,3,0.15,0.8462,0.2548,0.9167,3,1,1,475,11,0.0232,0.0769,0.01,0.1333,0.6316,0.7619,0.9167,0.7021,0.443,0.2548,A4,v4_drop_self_loop,TeRed+RATE,rate,bin.7@400000,at400000,100,20,raw,16272,324747,self_loop,0.5
